Min,Max,Range
295.5,304.5,9.0
306.0,313.8,7.800000000000011
1168.0,1895.0,727.0
20.1,66.4,46.300000000000004
0.0,246.0,246.0
